length,support,support_ratio,event_type_sequence,locations,weights,weight_ratios
2,6.150522306576019,0.615052230657602,Subway -> Bar,"[(-73.94991821050644, 40.79648450013265), (-73.94991821050644, 40.71152385094095)]","(6.150522306576019,)","(0.615052230657602,)"
2,6.1496904694527315,0.6149690469452731,Residential Building (Apartment / Condo) -> Bar,"[(-73.94991821050644, 40.6690435263451), (-73.94991821050644, 40.71152385094095)]","(6.1496904694527315,)","(0.6149690469452731,)"
2,6.141108297991762,0.6141108297991762,Residential Building (Apartment / Condo) -> Bar,"[(-73.8908548951149, 40.6690435263451), (-73.94991821050644, 40.71152385094095)]","(6.141108297991762,)","(0.6141108297991762,)"
2,6.1084283386902785,0.6108428338690278,Food & Drink Shop -> Bar,"[(-74.00898152589798, 40.6690435263451), (-73.94991821050644, 40.71152385094095)]","(6.1084283386902785,)","(0.6108428338690278,)"
2,6.039371725777812,0.6039371725777812,Train Station -> Bar,"[(-73.94991821050644, 40.7540041755368), (-73.94991821050644, 40.71152385094095)]","(6.039371725777812,)","(0.6039371725777812,)"
2,5.903130519501958,0.5903130519501958,Residential Building (Apartment / Condo) -> Bar,"[(-73.94991821050644, 40.7540041755368), (-73.94991821050644, 40.71152385094095)]","(5.903130519501958,)","(0.5903130519501958,)"
2,5.841929421618341,0.584192942161834,Subway -> Bar,"[(-73.94991821050644, 40.7540041755368), (-73.94991821050644, 40.71152385094095)]","(5.841929421618341,)","(0.584192942161834,)"
2,5.778798556065959,0.5778798556065958,Bar -> Home (private),"[(-74.12710815668106, 40.8389648247285), (-74.1861714720726, 40.79648450013265)]","(5.778798556065959,)","(0.5778798556065958,)"
2,5.617015521007718,0.5617015521007718,Deli / Bodega -> Bar,"[(-74.00898152589798, 40.71152385094095), (-73.94991821050644, 40.71152385094095)]","(5.617015521007718,)","(0.5617015521007718,)"
2,5.6030427686509485,0.5603042768650949,Subway -> Bar,"[(-73.94991821050644, 40.79648450013265), (-73.94991821050644, 40.7540041755368)]","(5.6030427686509485,)","(0.5603042768650949,)"
2,5.602055829339229,0.560205582933923,Residential Building (Apartment / Condo) -> Bar,"[(-73.94991821050644, 40.6690435263451), (-73.94991821050644, 40.7540041755368)]","(5.602055829339229,)","(0.560205582933923,)"
2,5.557107798821427,0.5557107798821427,Home (private) -> Bar,"[(-74.00898152589798, 40.71152385094095), (-73.94991821050644, 40.71152385094095)]","(5.557107798821427,)","(0.5557107798821427,)"
2,5.542096737462607,0.5542096737462607,Train Station -> Bar,"[(-73.94991821050644, 40.7540041755368), (-73.94991821050644, 40.7540041755368)]","(5.542096737462607,)","(0.5542096737462607,)"
2,5.53091371431195,0.553091371431195,Residential Building (Apartment / Condo) -> Bar,"[(-74.00898152589798, 40.6690435263451), (-73.94991821050644, 40.71152385094095)]","(5.53091371431195,)","(0.553091371431195,)"
2,5.506258860305511,0.5506258860305511,Subway -> Bar,"[(-73.94991821050644, 40.8389648247285), (-73.94991821050644, 40.7540041755368)]","(5.506258860305511,)","(0.5506258860305511,)"
2,5.370626688722703,0.5370626688722704,Subway -> Bar,"[(-73.94991821050644, 40.7540041755368), (-73.94991821050644, 40.7540041755368)]","(5.370626688722703,)","(0.5370626688722704,)"
2,5.319025436009656,0.5319025436009656,Residential Building (Apartment / Condo) -> Bar,"[(-73.94991821050644, 40.7540041755368), (-73.94991821050644, 40.7540041755368)]","(5.319025436009656,)","(0.5319025436009656,)"
2,5.262416356784597,0.5262416356784597,Home (private) -> Bar,"[(-73.94991821050644, 40.8389648247285), (-73.94991821050644, 40.7540041755368)]","(5.262416356784597,)","(0.5262416356784597,)"
2,5.012653568803596,0.5012653568803596,Deli / Bodega -> Bar,"[(-74.00898152589798, 40.71152385094095), (-73.94991821050644, 40.7540041755368)]","(5.012653568803596,)","(0.5012653568803596,)"
2,4.949040321021369,0.49490403210213685,Home (private) -> Bar,"[(-74.00898152589798, 40.71152385094095), (-73.94991821050644, 40.7540041755368)]","(4.949040321021369,)","(0.49490403210213685,)"
2,4.8720176354395965,0.48720176354395967,Home (private) -> Bar,"[(-73.8908548951149, 40.71152385094095), (-73.94991821050644, 40.71152385094095)]","(4.8720176354395965,)","(0.48720176354395967,)"
2,4.754000362377866,0.4754000362377866,Train Station -> Other Great Outdoors,"[(-73.94991821050644, 40.7540041755368), (-73.94991821050644, 40.71152385094095)]","(4.754000362377866,)","(0.4754000362377866,)"
2,4.741197537564125,0.4741197537564125,Subway -> Other Great Outdoors,"[(-73.94991821050644, 40.79648450013265), (-73.94991821050644, 40.71152385094095)]","(4.741197537564125,)","(0.4741197537564125,)"
2,4.739811301679907,0.4739811301679907,Residential Building (Apartment / Condo) -> Other Great Outdoors,"[(-73.94991821050644, 40.6690435263451), (-73.94991821050644, 40.71152385094095)]","(4.739811301679907,)","(0.4739811301679907,)"
2,4.723295510323086,0.4723295510323086,Residential Building (Apartment / Condo) -> Other Great Outdoors,"[(-73.8908548951149, 40.6690435263451), (-73.94991821050644, 40.71152385094095)]","(4.723295510323086,)","(0.4723295510323086,)"
2,4.719938892670252,0.47199388926702524,Bar -> Home (private),"[(-74.24523478746414, 40.79648450013265), (-74.1861714720726, 40.79648450013265)]","(4.719938892670252,)","(0.47199388926702524,)"
2,4.671414093835521,0.4671414093835521,Food & Drink Shop -> Other Great Outdoors,"[(-74.00898152589798, 40.6690435263451), (-73.94991821050644, 40.71152385094095)]","(4.671414093835521,)","(0.4671414093835521,)"
2,4.6221029697931115,0.46221029697931115,Subway -> Other Great Outdoors,"[(-73.94991821050644, 40.7540041755368), (-73.94991821050644, 40.71152385094095)]","(4.6221029697931115,)","(0.46221029697931115,)"
2,4.450083483416681,0.44500834834166814,Train Station -> Neighborhood,"[(-73.94991821050644, 40.7540041755368), (-73.94991821050644, 40.6690435263451)]","(4.450083483416681,)","(0.44500834834166814,)"
2,4.44147231914377,0.444147231914377,American Restaurant -> Home (private),"[(-74.06804484128952, 40.79648450013265), (-74.1861714720726, 40.79648450013265)]","(4.44147231914377,)","(0.444147231914377,)"
2,4.407242314871713,0.44072423148717127,Residential Building (Apartment / Condo) -> Neighborhood,"[(-73.94991821050644, 40.6690435263451), (-73.94991821050644, 40.6690435263451)]","(4.407242314871713,)","(0.44072423148717127,)"
2,4.4048168308827975,0.44048168308827973,Residential Building (Apartment / Condo) -> Other Great Outdoors,"[(-73.94991821050644, 40.7540041755368), (-73.94991821050644, 40.71152385094095)]","(4.4048168308827975,)","(0.44048168308827973,)"
2,4.390870148995106,0.4390870148995106,Residential Building (Apartment / Condo) -> Other Great Outdoors,"[(-74.00898152589798, 40.6690435263451), (-73.94991821050644, 40.71152385094095)]","(4.390870148995106,)","(0.4390870148995106,)"
2,4.388980089468813,0.4388980089468813,Residential Building (Apartment / Condo) -> Neighborhood,"[(-73.8908548951149, 40.6690435263451), (-73.94991821050644, 40.6690435263451)]","(4.388980089468813,)","(0.4388980089468813,)"
2,4.333447876907739,0.4333447876907739,Subway -> Neighborhood,"[(-73.94991821050644, 40.7540041755368), (-73.94991821050644, 40.6690435263451)]","(4.333447876907739,)","(0.4333447876907739,)"
2,4.332664197609021,0.4332664197609021,Food & Drink Shop -> Neighborhood,"[(-74.00898152589798, 40.6690435263451), (-73.94991821050644, 40.6690435263451)]","(4.332664197609021,)","(0.4332664197609021,)"
2,4.326189263280915,0.43261892632809146,Home (private) -> Bar,"[(-73.94991821050644, 40.62656320174925), (-73.94991821050644, 40.71152385094095)]","(4.326189263280915,)","(0.43261892632809146,)"
2,4.321458677127343,0.43214586771273433,Residential Building (Apartment / Condo) -> Subway,"[(-73.94991821050644, 40.6690435263451), (-74.00898152589798, 40.62656320174925)]","(4.321458677127343,)","(0.43214586771273433,)"
2,4.309942795362723,0.4309942795362723,Deli / Bodega -> Bar,"[(-73.94991821050644, 40.79648450013265), (-73.94991821050644, 40.71152385094095)]","(4.309942795362723,)","(0.4309942795362723,)"
2,4.245277028702983,0.4245277028702983,Food & Drink Shop -> Subway,"[(-74.00898152589798, 40.6690435263451), (-74.00898152589798, 40.62656320174925)]","(4.245277028702983,)","(0.4245277028702983,)"
2,4.237577781149029,0.4237577781149029,Bar -> Other Great Outdoors,"[(-74.00898152589798, 40.6690435263451), (-73.94991821050644, 40.71152385094095)]","(4.237577781149029,)","(0.4237577781149029,)"
2,4.233853594382472,0.4233853594382472,Home (private) -> Bar,"[(-73.8908548951149, 40.71152385094095), (-73.94991821050644, 40.7540041755368)]","(4.233853594382472,)","(0.4233853594382472,)"
2,4.1208444677675455,0.41208444677675454,Residential Building (Apartment / Condo) -> Neighborhood,"[(-74.00898152589798, 40.6690435263451), (-73.94991821050644, 40.6690435263451)]","(4.1208444677675455,)","(0.41208444677675454,)"
2,4.069915965275851,0.4069915965275851,Deli / Bodega -> Other Great Outdoors,"[(-74.00898152589798, 40.71152385094095), (-73.94991821050644, 40.71152385094095)]","(4.069915965275851,)","(0.4069915965275851,)"
2,4.052053332216653,0.4052053332216653,Residential Building (Apartment / Condo) -> Neighborhood,"[(-73.94991821050644, 40.7540041755368), (-73.94991821050644, 40.6690435263451)]","(4.052053332216653,)","(0.4052053332216653,)"
2,4.05122512763135,0.40512251276313493,Residential Building (Apartment / Condo) -> Subway,"[(-74.00898152589798, 40.6690435263451), (-74.00898152589798, 40.62656320174925)]","(4.05122512763135,)","(0.40512251276313493,)"
2,4.001444563181721,0.4001444563181721,Home (private) -> Other Great Outdoors,"[(-74.00898152589798, 40.71152385094095), (-73.94991821050644, 40.71152385094095)]","(4.001444563181721,)","(0.4001444563181721,)"
2,3.978247753930975,0.3978247753930975,Bar -> Neighborhood,"[(-74.00898152589798, 40.6690435263451), (-73.94991821050644, 40.6690435263451)]","(3.978247753930975,)","(0.3978247753930975,)"
2,3.9710732453508673,0.39710732453508674,Deli / Bodega -> Bar,"[(-73.94991821050644, 40.79648450013265), (-73.94991821050644, 40.7540041755368)]","(3.9710732453508673,)","(0.39710732453508674,)"
2,3.911387211764737,0.3911387211764737,Bar -> Subway,"[(-74.00898152589798, 40.6690435263451), (-74.00898152589798, 40.62656320174925)]","(3.911387211764737,)","(0.3911387211764737,)"
2,3.7837600035708103,0.378376000357081,Bar -> Other Great Outdoors,"[(-73.94991821050644, 40.62656320174925), (-73.94991821050644, 40.71152385094095)]","(3.7837600035708103,)","(0.378376000357081,)"
2,3.7059956811453985,0.37059956811453987,Deli / Bodega -> Neighborhood,"[(-74.00898152589798, 40.71152385094095), (-73.94991821050644, 40.6690435263451)]","(3.7059956811453985,)","(0.37059956811453987,)"
2,3.673220077473443,0.3673220077473443,Subway -> Bar,"[(-73.8908548951149, 40.6690435263451), (-73.94991821050644, 40.71152385094095)]","(3.673220077473443,)","(0.3673220077473443,)"
2,3.6356246975866413,0.36356246975866413,Home (private) -> Neighborhood,"[(-74.00898152589798, 40.71152385094095), (-73.94991821050644, 40.6690435263451)]","(3.6356246975866413,)","(0.36356246975866413,)"
2,3.6221247843541144,0.36221247843541143,Bar -> Other Great Outdoors,"[(-74.00898152589798, 40.71152385094095), (-73.94991821050644, 40.71152385094095)]","(3.6221247843541144,)","(0.36221247843541143,)"
2,3.6120592335102226,0.36120592335102225,Deli / Bodega -> Subway,"[(-74.00898152589798, 40.71152385094095), (-74.00898152589798, 40.62656320174925)]","(3.6120592335102226,)","(0.36120592335102225,)"
2,3.55358522631178,0.355358522631178,Bar -> Neighborhood,"[(-73.94991821050644, 40.62656320174925), (-73.94991821050644, 40.6690435263451)]","(3.55358522631178,)","(0.355358522631178,)"
2,3.541192608250765,0.3541192608250765,Home (private) -> Subway,"[(-74.00898152589798, 40.71152385094095), (-74.00898152589798, 40.62656320174925)]","(3.541192608250765,)","(0.3541192608250765,)"
2,3.496464324705142,0.3496464324705142,Home (private) -> Bar,"[(-73.94991821050644, 40.71152385094095), (-73.94991821050644, 40.71152385094095)]","(3.496464324705142,)","(0.3496464324705142,)"
2,3.4942427901659037,0.34942427901659034,Bar -> Subway,"[(-73.94991821050644, 40.62656320174925), (-74.00898152589798, 40.62656320174925)]","(3.4942427901659037,)","(0.34942427901659034,)"
2,3.4892062037766216,0.34892062037766214,Bus Station -> Bar,"[(-73.8908548951149, 40.7540041755368), (-73.94991821050644, 40.71152385094095)]","(3.4892062037766216,)","(0.34892062037766214,)"
3,3.4466592148693116,0.34466592148693115,Train Station -> Bus Station -> Bar,"[(-73.94991821050644, 40.7540041755368), (-73.8908548951149, 40.7540041755368), (-73.94991821050644, 40.71152385094095)]","(3.4466592148693116, 3.4892062037766216)","(0.34466592148693115, 0.34892062037766214)"
2,3.4466592148693116,0.34466592148693115,Train Station -> Bus Station,"[(-73.94991821050644, 40.7540041755368), (-73.8908548951149, 40.7540041755368)]","(3.4466592148693116,)","(0.34466592148693115,)"
2,3.4434710094708474,0.34434710094708476,Home (private) -> Other Great Outdoors,"[(-73.94991821050644, 40.62656320174925), (-73.94991821050644, 40.71152385094095)]","(3.4434710094708474,)","(0.34434710094708476,)"
3,3.440711724103464,0.3440711724103464,Train Station -> Home (private) -> Bar,"[(-73.94991821050644, 40.7540041755368), (-73.94991821050644, 40.71152385094095), (-73.94991821050644, 40.71152385094095)]","(3.440711724103464, 3.496464324705142)","(0.3440711724103464, 0.3496464324705142)"
2,3.440711724103464,0.3440711724103464,Train Station -> Home (private),"[(-73.94991821050644, 40.7540041755368), (-73.94991821050644, 40.71152385094095)]","(3.440711724103464,)","(0.3440711724103464,)"
2,3.4306651561321706,0.34306651561321705,Deli / Bodega -> Other Great Outdoors,"[(-73.94991821050644, 40.79648450013265), (-73.94991821050644, 40.71152385094095)]","(3.4306651561321706,)","(0.34306651561321705,)"
2,3.427234547192128,0.3427234547192128,Home (private) -> Bar,"[(-73.94991821050644, 40.79648450013265), (-73.94991821050644, 40.71152385094095)]","(3.427234547192128,)","(0.3427234547192128,)"
2,3.404473491571853,0.3404473491571853,Neighborhood -> Bar,"[(-73.94991821050644, 40.7540041755368), (-73.94991821050644, 40.71152385094095)]","(3.404473491571853,)","(0.3404473491571853,)"
3,3.3807377781518153,0.33807377781518155,Subway -> Bus Station -> Bar,"[(-73.94991821050644, 40.7540041755368), (-73.8908548951149, 40.7540041755368), (-73.94991821050644, 40.71152385094095)]","(3.3807377781518153, 3.4892062037766216)","(0.33807377781518155, 0.34892062037766214)"
2,3.3807377781518153,0.33807377781518155,Subway -> Bus Station,"[(-73.94991821050644, 40.7540041755368), (-73.8908548951149, 40.7540041755368)]","(3.3807377781518153,)","(0.33807377781518155,)"
2,3.378109178349859,0.3378109178349859,American Restaurant -> Bar,"[(-73.94991821050644, 40.79648450013265), (-73.94991821050644, 40.71152385094095)]","(3.378109178349859,)","(0.3378109178349859,)"
3,3.3750615832184154,0.33750615832184155,Subway -> Home (private) -> Bar,"[(-73.94991821050644, 40.7540041755368), (-73.94991821050644, 40.71152385094095), (-73.94991821050644, 40.71152385094095)]","(3.3750615832184154, 3.496464324705142)","(0.33750615832184155, 0.3496464324705142)"
2,3.3750615832184154,0.33750615832184155,Subway -> Home (private),"[(-73.94991821050644, 40.7540041755368), (-73.94991821050644, 40.71152385094095)]","(3.3750615832184154,)","(0.33750615832184155,)"
2,3.3406281339324497,0.33406281339324495,Bar -> Neighborhood,"[(-74.00898152589798, 40.62656320174925), (-73.94991821050644, 40.6690435263451)]","(3.3406281339324497,)","(0.33406281339324495,)"
3,3.309887934237848,0.33098879342378484,Subway -> Bus Station -> Bar,"[(-73.94991821050644, 40.79648450013265), (-73.8908548951149, 40.7540041755368), (-73.94991821050644, 40.71152385094095)]","(3.309887934237848, 3.4892062037766216)","(0.33098879342378484, 0.34892062037766214)"
2,3.309887934237848,0.33098879342378484,Subway -> Bus Station,"[(-73.94991821050644, 40.79648450013265), (-73.8908548951149, 40.7540041755368)]","(3.309887934237848,)","(0.33098879342378484,)"
3,3.3034691595563213,0.33034691595563215,Subway -> Home (private) -> Bar,"[(-73.94991821050644, 40.79648450013265), (-73.94991821050644, 40.71152385094095), (-73.94991821050644, 40.71152385094095)]","(3.3034691595563213, 3.496464324705142)","(0.33034691595563215, 0.3496464324705142)"
2,3.3034691595563213,0.33034691595563215,Subway -> Home (private),"[(-73.94991821050644, 40.79648450013265), (-73.94991821050644, 40.71152385094095)]","(3.3034691595563213,)","(0.33034691595563215,)"
3,3.301388561616401,0.3301388561616401,Residential Building (Apartment / Condo) -> Home (private) -> Bar,"[(-73.94991821050644, 40.6690435263451), (-73.94991821050644, 40.71152385094095), (-73.94991821050644, 40.71152385094095)]","(3.301388561616401, 3.496464324705142)","(0.3301388561616401, 0.3496464324705142)"
2,3.301388561616401,0.3301388561616401,Residential Building (Apartment / Condo) -> Home (private),"[(-73.94991821050644, 40.6690435263451), (-73.94991821050644, 40.71152385094095)]","(3.301388561616401,)","(0.3301388561616401,)"
2,3.284901547534863,0.3284901547534863,Bar -> Subway,"[(-74.00898152589798, 40.62656320174925), (-74.00898152589798, 40.62656320174925)]","(3.284901547534863,)","(0.3284901547534863,)"
3,3.283649683935711,0.3283649683935711,Residential Building (Apartment / Condo) -> Bus Station -> Bar,"[(-73.8908548951149, 40.6690435263451), (-73.8908548951149, 40.7540041755368), (-73.94991821050644, 40.71152385094095)]","(3.283649683935711, 3.4892062037766216)","(0.3283649683935711, 0.34892062037766214)"
2,3.283649683935711,0.3283649683935711,Residential Building (Apartment / Condo) -> Bus Station,"[(-73.8908548951149, 40.6690435263451), (-73.8908548951149, 40.7540041755368)]","(3.283649683935711,)","(0.3283649683935711,)"
3,3.2772023389255405,0.32772023389255406,Residential Building (Apartment / Condo) -> Home (private) -> Bar,"[(-73.8908548951149, 40.6690435263451), (-73.94991821050644, 40.71152385094095), (-73.94991821050644, 40.71152385094095)]","(3.2772023389255405, 3.496464324705142)","(0.32772023389255406, 0.3496464324705142)"
2,3.2772023389255405,0.32772023389255406,Residential Building (Apartment / Condo) -> Home (private),"[(-73.8908548951149, 40.6690435263451), (-73.94991821050644, 40.71152385094095)]","(3.2772023389255405,)","(0.32772023389255406,)"
2,3.2471122979416682,0.32471122979416683,Bar -> Neighborhood,"[(-74.00898152589798, 40.71152385094095), (-73.94991821050644, 40.6690435263451)]","(3.2471122979416682,)","(0.32471122979416683,)"
2,3.243447819354709,0.3243447819354709,Home (private) -> Other Great Outdoors,"[(-73.8908548951149, 40.71152385094095), (-73.94991821050644, 40.71152385094095)]","(3.243447819354709,)","(0.3243447819354709,)"
2,3.2342666526005677,0.32342666526005676,Home (private) -> Neighborhood,"[(-73.94991821050644, 40.62656320174925), (-73.94991821050644, 40.6690435263451)]","(3.2342666526005677,)","(0.32342666526005676,)"
3,3.2244905642977444,0.32244905642977445,Residential Building (Apartment / Condo) -> Home (private) -> Bar,"[(-74.00898152589798, 40.6690435263451), (-73.94991821050644, 40.71152385094095), (-73.94991821050644, 40.71152385094095)]","(3.2244905642977444, 3.496464324705142)","(0.32244905642977445, 0.3496464324705142)"
2,3.2244905642977444,0.32244905642977445,Residential Building (Apartment / Condo) -> Home (private),"[(-74.00898152589798, 40.6690435263451), (-73.94991821050644, 40.71152385094095)]","(3.2244905642977444,)","(0.32244905642977445,)"
3,3.205803487444131,0.3205803487444131,Food & Drink Shop -> Home (private) -> Bar,"[(-74.00898152589798, 40.6690435263451), (-73.94991821050644, 40.71152385094095), (-73.94991821050644, 40.71152385094095)]","(3.205803487444131, 3.496464324705142)","(0.3205803487444131, 0.3496464324705142)"
2,3.205803487444131,0.3205803487444131,Food & Drink Shop -> Home (private),"[(-74.00898152589798, 40.6690435263451), (-73.94991821050644, 40.71152385094095)]","(3.205803487444131,)","(0.3205803487444131,)"
2,3.1803309575534717,0.31803309575534716,Home (private) -> Subway,"[(-73.94991821050644, 40.62656320174925), (-74.00898152589798, 40.62656320174925)]","(3.1803309575534717,)","(0.31803309575534716,)"
2,3.1586656697113993,0.3158665669711399,Home (private) -> Bar,"[(-73.94991821050644, 40.79648450013265), (-73.94991821050644, 40.7540041755368)]","(3.1586656697113993,)","(0.3158665669711399,)"
2,3.1502787666542296,0.315027876665423,Bar -> Subway,"[(-74.00898152589798, 40.71152385094095), (-74.00898152589798, 40.62656320174925)]","(3.1502787666542296,)","(0.315027876665423,)"
2,3.1376817016703216,0.3137681701670322,Neighborhood -> Bar,"[(-73.94991821050644, 40.7540041755368), (-73.94991821050644, 40.7540041755368)]","(3.1376817016703216,)","(0.3137681701670322,)"
3,3.1174536206936256,0.31174536206936254,Bar -> Home (private) -> Bar,"[(-74.00898152589798, 40.6690435263451), (-73.94991821050644, 40.71152385094095), (-73.94991821050644, 40.71152385094095)]","(3.1174536206936256, 3.496464324705142)","(0.31174536206936254, 0.3496464324705142)"
2,3.1174536206936256,0.31174536206936254,Bar -> Home (private),"[(-74.00898152589798, 40.6690435263451), (-73.94991821050644, 40.71152385094095)]","(3.1174536206936256,)","(0.31174536206936254,)"
2,3.113375863841633,0.3113375863841633,American Restaurant -> Bar,"[(-73.94991821050644, 40.79648450013265), (-73.94991821050644, 40.7540041755368)]","(3.113375863841633,)","(0.3113375863841633,)"
3,3.105483744890939,0.3105483744890939,Bar -> Bus Station -> Bar,"[(-74.00898152589798, 40.7540041755368), (-73.8908548951149, 40.7540041755368), (-73.94991821050644, 40.71152385094095)]","(3.105483744890939, 3.4892062037766216)","(0.3105483744890939, 0.34892062037766214)"
2,3.105483744890939,0.3105483744890939,Bar -> Bus Station,"[(-74.00898152589798, 40.7540041755368), (-73.8908548951149, 40.7540041755368)]","(3.105483744890939,)","(0.3105483744890939,)"
3,3.098880405997252,0.3098880405997252,Bar -> Home (private) -> Bar,"[(-74.00898152589798, 40.7540041755368), (-73.94991821050644, 40.71152385094095), (-73.94991821050644, 40.71152385094095)]","(3.098880405997252, 3.496464324705142)","(0.3098880405997252, 0.3496464324705142)"
2,3.098880405997252,0.3098880405997252,Bar -> Home (private),"[(-74.00898152589798, 40.7540041755368), (-73.94991821050644, 40.71152385094095)]","(3.098880405997252,)","(0.3098880405997252,)"
2,3.022911965476692,0.3022911965476692,Bar -> Other Great Outdoors,"[(-73.94991821050644, 40.71152385094095), (-73.94991821050644, 40.71152385094095)]","(3.022911965476692,)","(0.3022911965476692,)"
3,2.984149178066543,0.2984149178066543,Deli / Bodega -> Bar -> Other Great Outdoors,"[(-73.8908548951149, 40.6690435263451), (-73.94991821050644, 40.71152385094095), (-73.94991821050644, 40.71152385094095)]","(2.984149178066543, 3.022911965476692)","(0.2984149178066543, 0.3022911965476692)"
2,2.984149178066543,0.2984149178066543,Deli / Bodega -> Bar,"[(-73.8908548951149, 40.6690435263451), (-73.94991821050644, 40.71152385094095)]","(2.984149178066543,)","(0.2984149178066543,)"
2,2.9823645671202232,0.2982364567120223,Other Great Outdoors -> Home (private),"[(-74.1861714720726, 40.8389648247285), (-74.1861714720726, 40.79648450013265)]","(2.9823645671202232,)","(0.2982364567120223,)"
2,2.9765931764892306,0.29765931764892306,Subway -> Home (private),"[(-73.94991821050644, 40.79648450013265), (-73.83179157972336, 40.79648450013265)]","(2.9765931764892306,)","(0.29765931764892306,)"
3,2.9368683060436287,0.29368683060436285,Neighborhood -> Bar -> Other Great Outdoors,"[(-74.00898152589798, 40.7540041755368), (-73.94991821050644, 40.71152385094095), (-73.94991821050644, 40.71152385094095)]","(2.9368683060436287, 3.022911965476692)","(0.29368683060436285, 0.3022911965476692)"
2,2.9368683060436287,0.29368683060436285,Neighborhood -> Bar,"[(-74.00898152589798, 40.7540041755368), (-73.94991821050644, 40.71152385094095)]","(2.9368683060436287,)","(0.29368683060436285,)"
2,2.9243252516155036,0.2924325251615504,Subway -> Other Great Outdoors,"[(-73.8908548951149, 40.6690435263451), (-73.94991821050644, 40.71152385094095)]","(2.9243252516155036,)","(0.2924325251615504,)"
3,2.8839659362193513,0.28839659362193515,Residential Building (Apartment / Condo) -> Bus Station -> Bar,"[(-73.94991821050644, 40.7540041755368), (-73.8908548951149, 40.7540041755368), (-73.94991821050644, 40.71152385094095)]","(2.8839659362193513, 3.4892062037766216)","(0.28839659362193515, 0.34892062037766214)"
2,2.8839659362193513,0.28839659362193515,Residential Building (Apartment / Condo) -> Bus Station,"[(-73.94991821050644, 40.7540041755368), (-73.8908548951149, 40.7540041755368)]","(2.8839659362193513,)","(0.28839659362193515,)"
2,2.880513853766239,0.2880513853766239,Bar -> Home (private),"[(-73.83179157972336, 40.8389648247285), (-73.83179157972336, 40.79648450013265)]","(2.880513853766239,)","(0.2880513853766239,)"
3,2.877222763356977,0.2877222763356977,Residential Building (Apartment / Condo) -> Home (private) -> Bar,"[(-73.94991821050644, 40.7540041755368), (-73.94991821050644, 40.71152385094095), (-73.94991821050644, 40.71152385094095)]","(2.877222763356977, 3.496464324705142)","(0.2877222763356977, 0.3496464324705142)"
2,2.877222763356977,0.2877222763356977,Residential Building (Apartment / Condo) -> Home (private),"[(-73.94991821050644, 40.7540041755368), (-73.94991821050644, 40.71152385094095)]","(2.877222763356977,)","(0.2877222763356977,)"
3,2.863962201337689,0.2863962201337689,Coffee Shop -> Bar -> Other Great Outdoors,"[(-73.8908548951149, 40.7540041755368), (-73.94991821050644, 40.71152385094095), (-73.94991821050644, 40.71152385094095)]","(2.863962201337689, 3.022911965476692)","(0.2863962201337689, 0.3022911965476692)"
2,2.863962201337689,0.2863962201337689,Coffee Shop -> Bar,"[(-73.8908548951149, 40.7540041755368), (-73.94991821050644, 40.71152385094095)]","(2.863962201337689,)","(0.2863962201337689,)"
2,2.860738688137868,0.2860738688137868,Home (private) -> Neighborhood,"[(-73.8908548951149, 40.71152385094095), (-73.94991821050644, 40.6690435263451)]","(2.860738688137868,)","(0.2860738688137868,)"
2,2.8393456104930106,0.28393456104930104,Bar -> Neighborhood,"[(-73.94991821050644, 40.71152385094095), (-73.94991821050644, 40.6690435263451)]","(2.8393456104930106,)","(0.28393456104930104,)"
2,2.817305163867234,0.2817305163867234,Home (private) -> Bar,"[(-73.94991821050644, 40.71152385094095), (-73.94991821050644, 40.7540041755368)]","(2.817305163867234,)","(0.2817305163867234,)"
2,2.8102725653437926,0.28102725653437927,Bus Station -> Bar,"[(-73.8908548951149, 40.7540041755368), (-73.94991821050644, 40.7540041755368)]","(2.8102725653437926,)","(0.28102725653437927,)"
3,2.809594841231732,0.2809594841231732,Home (private) -> Bar -> Neighborhood,"[(-74.00898152589798, 40.7540041755368), (-73.94991821050644, 40.71152385094095), (-73.94991821050644, 40.6690435263451)]","(2.809594841231732, 2.8393456104930106)","(0.2809594841231732, 0.28393456104930104)"
3,2.809594841231732,0.2809594841231732,Home (private) -> Bar -> Other Great Outdoors,"[(-74.00898152589798, 40.7540041755368), (-73.94991821050644, 40.71152385094095), (-73.94991821050644, 40.71152385094095)]","(2.809594841231732, 3.022911965476692)","(0.2809594841231732, 0.3022911965476692)"
2,2.809594841231732,0.2809594841231732,Home (private) -> Bar,"[(-74.00898152589798, 40.7540041755368), (-73.94991821050644, 40.71152385094095)]","(2.809594841231732,)","(0.2809594841231732,)"
2,2.79829403028935,0.279829403028935,Home (private) -> Neighborhood,"[(-74.00898152589798, 40.62656320174925), (-73.94991821050644, 40.6690435263451)]","(2.79829403028935,)","(0.279829403028935,)"
3,2.7896232315529415,0.2789623231552941,Bar -> Home (private) -> Bar,"[(-73.94991821050644, 40.62656320174925), (-73.94991821050644, 40.71152385094095), (-73.94991821050644, 40.71152385094095)]","(2.7896232315529415, 3.496464324705142)","(0.2789623231552941, 0.3496464324705142)"
3,2.7896232315529415,0.2789623231552941,Bar -> Home (private) -> Bar,"[(-73.94991821050644, 40.62656320174925), (-73.94991821050644, 40.71152385094095), (-73.94991821050644, 40.7540041755368)]","(2.7896232315529415, 2.817305163867234)","(0.2789623231552941, 0.2817305163867234)"
2,2.7896232315529415,0.2789623231552941,Bar -> Home (private),"[(-73.94991821050644, 40.62656320174925), (-73.94991821050644, 40.71152385094095)]","(2.7896232315529415,)","(0.2789623231552941,)"
2,2.751653474475747,0.2751653474475747,Home (private) -> Subway,"[(-74.00898152589798, 40.62656320174925), (-74.00898152589798, 40.62656320174925)]","(2.751653474475747,)","(0.2751653474475747,)"
2,2.7467528846291698,0.274675288462917,Subway -> Neighborhood,"[(-73.8908548951149, 40.6690435263451), (-73.94991821050644, 40.6690435263451)]","(2.7467528846291698,)","(0.274675288462917,)"
2,2.7290142411151543,0.2729014241115154,Home (private) -> Other Great Outdoors,"[(-73.94991821050644, 40.79648450013265), (-73.94991821050644, 40.71152385094095)]","(2.7290142411151543,)","(0.2729014241115154,)"
2,2.710888309859332,0.2710888309859332,Neighborhood -> Other Great Outdoors,"[(-73.94991821050644, 40.7540041755368), (-73.94991821050644, 40.71152385094095)]","(2.710888309859332,)","(0.2710888309859332,)"
2,2.7066864752234387,0.2706686475223439,Neighborhood -> Bar,"[(-74.00898152589798, 40.7540041755368), (-73.94991821050644, 40.7540041755368)]","(2.7066864752234387,)","(0.2706686475223439,)"
2,2.689892824213704,0.2689892824213704,American Restaurant -> Other Great Outdoors,"[(-73.94991821050644, 40.79648450013265), (-73.94991821050644, 40.71152385094095)]","(2.689892824213704,)","(0.2689892824213704,)"
3,2.651129902176233,0.2651129902176233,Home (private) -> Bar -> Neighborhood,"[(-73.94991821050644, 40.6690435263451), (-73.94991821050644, 40.71152385094095), (-73.94991821050644, 40.6690435263451)]","(2.651129902176233, 2.8393456104930106)","(0.2651129902176233, 0.28393456104930104)"
3,2.651129902176233,0.2651129902176233,Home (private) -> Bar -> Other Great Outdoors,"[(-73.94991821050644, 40.6690435263451), (-73.94991821050644, 40.71152385094095), (-73.94991821050644, 40.71152385094095)]","(2.651129902176233, 3.022911965476692)","(0.2651129902176233, 0.3022911965476692)"
2,2.651129902176233,0.2651129902176233,Home (private) -> Bar,"[(-73.94991821050644, 40.6690435263451), (-73.94991821050644, 40.71152385094095)]","(2.651129902176233,)","(0.2651129902176233,)"
2,2.639475656758804,0.2639475656758804,Coffee Shop -> Bar,"[(-73.8908548951149, 40.7540041755368), (-73.94991821050644, 40.7540041755368)]","(2.639475656758804,)","(0.2639475656758804,)"
2,2.5893704302811584,0.2589370430281158,Home (private) -> Bar,"[(-74.00898152589798, 40.7540041755368), (-73.94991821050644, 40.7540041755368)]","(2.5893704302811584,)","(0.2589370430281158,)"
3,2.5346325774296647,0.25346325774296646,Deli / Bodega -> Bus Station -> Bar,"[(-73.94991821050644, 40.79648450013265), (-73.8908548951149, 40.7540041755368), (-73.94991821050644, 40.71152385094095)]","(2.5346325774296647, 3.4892062037766216)","(0.25346325774296646, 0.34892062037766214)"
3,2.5346325774296647,0.25346325774296646,Deli / Bodega -> Bus Station -> Bar,"[(-73.94991821050644, 40.79648450013265), (-73.8908548951149, 40.7540041755368), (-73.94991821050644, 40.7540041755368)]","(2.5346325774296647, 2.8102725653437926)","(0.25346325774296646, 0.28102725653437927)"
2,2.5346325774296647,0.25346325774296646,Deli / Bodega -> Bus Station,"[(-73.94991821050644, 40.79648450013265), (-73.8908548951149, 40.7540041755368)]","(2.5346325774296647,)","(0.25346325774296646,)"
3,2.530496540602861,0.2530496540602861,Deli / Bodega -> Home (private) -> Bar,"[(-73.94991821050644, 40.79648450013265), (-73.94991821050644, 40.71152385094095), (-73.94991821050644, 40.71152385094095)]","(2.530496540602861, 3.496464324705142)","(0.2530496540602861, 0.3496464324705142)"
3,2.530496540602861,0.2530496540602861,Deli / Bodega -> Home (private) -> Bar,"[(-73.94991821050644, 40.79648450013265), (-73.94991821050644, 40.71152385094095), (-73.94991821050644, 40.7540041755368)]","(2.530496540602861, 2.817305163867234)","(0.2530496540602861, 0.2817305163867234)"
2,2.530496540602861,0.2530496540602861,Deli / Bodega -> Home (private),"[(-73.94991821050644, 40.79648450013265), (-73.94991821050644, 40.71152385094095)]","(2.530496540602861,)","(0.2530496540602861,)"
3,2.4925984412023827,0.24925984412023827,Deli / Bodega -> Home (private) -> Bar,"[(-74.00898152589798, 40.71152385094095), (-73.94991821050644, 40.71152385094095), (-73.94991821050644, 40.71152385094095)]","(2.4925984412023827, 3.496464324705142)","(0.24925984412023827, 0.3496464324705142)"
3,2.4925984412023827,0.24925984412023827,Deli / Bodega -> Home (private) -> Bar,"[(-74.00898152589798, 40.71152385094095), (-73.94991821050644, 40.71152385094095), (-73.94991821050644, 40.7540041755368)]","(2.4925984412023827, 2.817305163867234)","(0.24925984412023827, 0.2817305163867234)"
2,2.4925984412023827,0.24925984412023827,Deli / Bodega -> Home (private),"[(-74.00898152589798, 40.71152385094095), (-73.94991821050644, 40.71152385094095)]","(2.4925984412023827,)","(0.24925984412023827,)"
2,2.443327715883245,0.2443327715883245,Home (private) -> Bar,"[(-73.94991821050644, 40.6690435263451), (-73.94991821050644, 40.7540041755368)]","(2.443327715883245,)","(0.2443327715883245,)"
3,2.4132126585995692,0.24132126585995692,Subway -> Bar -> Neighborhood,"[(-74.00898152589798, 40.71152385094095), (-73.94991821050644, 40.71152385094095), (-73.94991821050644, 40.6690435263451)]","(2.4132126585995692, 2.8393456104930106)","(0.24132126585995692, 0.28393456104930104)"
3,2.4132126585995692,0.24132126585995692,Subway -> Bar -> Other Great Outdoors,"[(-74.00898152589798, 40.71152385094095), (-73.94991821050644, 40.71152385094095), (-73.94991821050644, 40.71152385094095)]","(2.4132126585995692, 3.022911965476692)","(0.24132126585995692, 0.3022911965476692)"
2,2.4132126585995692,0.24132126585995692,Subway -> Bar,"[(-74.00898152589798, 40.71152385094095), (-73.94991821050644, 40.71152385094095)]","(2.4132126585995692,)","(0.24132126585995692,)"
2,2.4067375576683765,0.24067375576683764,Bar -> Other Great Outdoors,"[(-73.94991821050644, 40.7540041755368), (-73.94991821050644, 40.71152385094095)]","(2.4067375576683765,)","(0.24067375576683764,)"
2,2.376182947336064,0.23761829473360638,Deli / Bodega -> Other Great Outdoors,"[(-73.8908548951149, 40.6690435263451), (-73.94991821050644, 40.71152385094095)]","(2.376182947336064,)","(0.23761829473360638,)"
3,2.3634570994734374,0.23634570994734375,Subway -> Bar -> Neighborhood,"[(-73.8908548951149, 40.71152385094095), (-73.94991821050644, 40.71152385094095), (-73.94991821050644, 40.6690435263451)]","(2.3634570994734374, 2.8393456104930106)","(0.23634570994734375, 0.28393456104930104)"
3,2.3634570994734374,0.23634570994734375,Subway -> Bar -> Other Great Outdoors,"[(-73.8908548951149, 40.71152385094095), (-73.94991821050644, 40.71152385094095), (-73.94991821050644, 40.71152385094095)]","(2.3634570994734374, 3.022911965476692)","(0.23634570994734375, 0.3022911965476692)"
2,2.3634570994734374,0.23634570994734375,Subway -> Bar,"[(-73.8908548951149, 40.71152385094095), (-73.94991821050644, 40.71152385094095)]","(2.3634570994734374,)","(0.23634570994734375,)"
3,2.3598490345361585,0.23598490345361584,Bus Station -> Bar -> Neighborhood,"[(-74.00898152589798, 40.7540041755368), (-73.94991821050644, 40.71152385094095), (-73.94991821050644, 40.6690435263451)]","(2.3598490345361585, 2.8393456104930106)","(0.23598490345361584, 0.28393456104930104)"
3,2.3598490345361585,0.23598490345361584,Bus Station -> Bar -> Other Great Outdoors,"[(-74.00898152589798, 40.7540041755368), (-73.94991821050644, 40.71152385094095), (-73.94991821050644, 40.71152385094095)]","(2.3598490345361585, 3.022911965476692)","(0.23598490345361584, 0.3022911965476692)"
2,2.3598490345361585,0.23598490345361584,Bus Station -> Bar,"[(-74.00898152589798, 40.7540041755368), (-73.94991821050644, 40.71152385094095)]","(2.3598490345361585,)","(0.23598490345361584,)"
2,2.338534109626274,0.2338534109626274,Neighborhood -> Other Great Outdoors,"[(-74.00898152589798, 40.7540041755368), (-73.94991821050644, 40.71152385094095)]","(2.338534109626274,)","(0.2338534109626274,)"
2,2.3266317132441827,0.23266317132441827,Deli / Bodega -> Home (private),"[(-73.94991821050644, 40.79648450013265), (-73.83179157972336, 40.79648450013265)]","(2.3266317132441827,)","(0.23266317132441827,)"
2,2.2804818613443545,0.22804818613443545,Coffee Shop -> Other Great Outdoors,"[(-73.8908548951149, 40.7540041755368), (-73.94991821050644, 40.71152385094095)]","(2.2804818613443545,)","(0.22804818613443545,)"
3,2.276471644563168,0.2276471644563168,Other Great Outdoors -> Bar -> Neighborhood,"[(-74.00898152589798, 40.7540041755368), (-73.94991821050644, 40.71152385094095), (-73.94991821050644, 40.6690435263451)]","(2.276471644563168, 2.8393456104930106)","(0.2276471644563168, 0.28393456104930104)"
3,2.276471644563168,0.2276471644563168,Other Great Outdoors -> Bar -> Other Great Outdoors,"[(-74.00898152589798, 40.7540041755368), (-73.94991821050644, 40.71152385094095), (-73.94991821050644, 40.71152385094095)]","(2.276471644563168, 3.022911965476692)","(0.2276471644563168, 0.3022911965476692)"
2,2.276471644563168,0.2276471644563168,Other Great Outdoors -> Bar,"[(-74.00898152589798, 40.7540041755368), (-73.94991821050644, 40.71152385094095)]","(2.276471644563168,)","(0.2276471644563168,)"
2,2.2606055195954102,0.22606055195954103,Bar -> Neighborhood,"[(-73.94991821050644, 40.7540041755368), (-73.94991821050644, 40.6690435263451)]","(2.2606055195954102,)","(0.22606055195954103,)"
2,2.2371906283499006,0.22371906283499005,Home (private) -> Other Great Outdoors,"[(-74.00898152589798, 40.7540041755368), (-73.94991821050644, 40.71152385094095)]","(2.2371906283499006,)","(0.22371906283499005,)"
3,2.233736680645249,0.2233736680645249,Bar -> Bus Station -> Bar,"[(-73.94991821050644, 40.71152385094095), (-73.8908548951149, 40.7540041755368), (-73.94991821050644, 40.7540041755368)]","(2.233736680645249, 2.8102725653437926)","(0.2233736680645249, 0.28102725653437927)"
2,2.233736680645249,0.2233736680645249,Bar -> Bus Station,"[(-73.94991821050644, 40.71152385094095), (-73.8908548951149, 40.7540041755368)]","(2.233736680645249,)","(0.2233736680645249,)"
2,2.2319062873235436,0.22319062873235435,Deli / Bodega -> Neighborhood,"[(-73.8908548951149, 40.6690435263451), (-73.94991821050644, 40.6690435263451)]","(2.2319062873235436,)","(0.22319062873235435,)"
3,2.23009299037355,0.22300929903735497,Bar -> Home (private) -> Bar,"[(-73.94991821050644, 40.71152385094095), (-73.94991821050644, 40.71152385094095), (-73.94991821050644, 40.7540041755368)]","(2.23009299037355, 2.817305163867234)","(0.22300929903735497, 0.2817305163867234)"
2,2.23009299037355,0.22300929903735497,Bar -> Home (private),"[(-73.94991821050644, 40.71152385094095), (-73.94991821050644, 40.71152385094095)]","(2.23009299037355,)","(0.22300929903735497,)"
3,2.2240588127936385,0.22240588127936384,Subway -> Bar -> Neighborhood,"[(-74.00898152589798, 40.71152385094095), (-73.94991821050644, 40.7540041755368), (-73.94991821050644, 40.6690435263451)]","(2.2240588127936385, 2.2606055195954102)","(0.22240588127936384, 0.22606055195954103)"
3,2.2240588127936385,0.22240588127936384,Subway -> Bar -> Other Great Outdoors,"[(-74.00898152589798, 40.71152385094095), (-73.94991821050644, 40.7540041755368), (-73.94991821050644, 40.71152385094095)]","(2.2240588127936385, 2.4067375576683765)","(0.22240588127936384, 0.24067375576683764)"
2,2.2240588127936385,0.22240588127936384,Subway -> Bar,"[(-74.00898152589798, 40.71152385094095), (-73.94991821050644, 40.7540041755368)]","(2.2240588127936385,)","(0.22240588127936384,)"
4,2.2204441935515464,0.22204441935515465,Neighborhood -> Bar -> Home (private) -> Bar,"[(-73.94991821050644, 40.6690435263451), (-73.94991821050644, 40.71152385094095), (-73.94991821050644, 40.71152385094095), (-73.94991821050644, 40.7540041755368)]","(2.2204441935515464, 2.23009299037355, 2.817305163867234)","(0.22204441935515465, 0.22300929903735497, 0.2817305163867234)"
4,2.2204441935515464,0.22204441935515465,Neighborhood -> Bar -> Bus Station -> Bar,"[(-73.94991821050644, 40.6690435263451), (-73.94991821050644, 40.71152385094095), (-73.8908548951149, 40.7540041755368), (-73.94991821050644, 40.7540041755368)]","(2.2204441935515464, 2.233736680645249, 2.8102725653437926)","(0.22204441935515465, 0.2233736680645249, 0.28102725653437927)"
3,2.2204441935515464,0.22204441935515465,Neighborhood -> Bar -> Home (private),"[(-73.94991821050644, 40.6690435263451), (-73.94991821050644, 40.71152385094095), (-73.94991821050644, 40.71152385094095)]","(2.2204441935515464, 2.23009299037355)","(0.22204441935515465, 0.22300929903735497)"
3,2.2204441935515464,0.22204441935515465,Neighborhood -> Bar -> Other Great Outdoors,"[(-73.94991821050644, 40.6690435263451), (-73.94991821050644, 40.71152385094095), (-73.94991821050644, 40.71152385094095)]","(2.2204441935515464, 3.022911965476692)","(0.22204441935515465, 0.3022911965476692)"
3,2.2204441935515464,0.22204441935515465,Neighborhood -> Bar -> Bus Station,"[(-73.94991821050644, 40.6690435263451), (-73.94991821050644, 40.71152385094095), (-73.8908548951149, 40.7540041755368)]","(2.2204441935515464, 2.233736680645249)","(0.22204441935515465, 0.2233736680645249)"
2,2.2204441935515464,0.22204441935515465,Neighborhood -> Bar,"[(-73.94991821050644, 40.6690435263451), (-73.94991821050644, 40.71152385094095)]","(2.2204441935515464,)","(0.22204441935515465,)"
3,2.215448434842247,0.2215448434842247,Train Station -> Home (private) -> Neighborhood,"[(-73.94991821050644, 40.7540041755368), (-73.8908548951149, 40.71152385094095), (-73.94991821050644, 40.6690435263451)]","(2.215448434842247, 2.860738688137868)","(0.2215448434842247, 0.2860738688137868)"
3,2.215448434842247,0.2215448434842247,Train Station -> Home (private) -> Bar,"[(-73.94991821050644, 40.7540041755368), (-73.8908548951149, 40.71152385094095), (-73.94991821050644, 40.71152385094095)]","(2.215448434842247, 4.8720176354395965)","(0.2215448434842247, 0.48720176354395967)"
3,2.215448434842247,0.2215448434842247,Train Station -> Home (private) -> Other Great Outdoors,"[(-73.94991821050644, 40.7540041755368), (-73.8908548951149, 40.71152385094095), (-73.94991821050644, 40.71152385094095)]","(2.215448434842247, 3.243447819354709)","(0.2215448434842247, 0.3243447819354709)"
3,2.215448434842247,0.2215448434842247,Train Station -> Home (private) -> Bar,"[(-73.94991821050644, 40.7540041755368), (-73.8908548951149, 40.71152385094095), (-73.94991821050644, 40.7540041755368)]","(2.215448434842247, 4.233853594382472)","(0.2215448434842247, 0.4233853594382472)"
2,2.215448434842247,0.2215448434842247,Train Station -> Home (private),"[(-73.94991821050644, 40.7540041755368), (-73.8908548951149, 40.71152385094095)]","(2.215448434842247,)","(0.2215448434842247,)"
3,2.212850655568216,0.22128506555682162,Subway -> Home (private) -> Neighborhood,"[(-73.94991821050644, 40.7540041755368), (-73.8908548951149, 40.71152385094095), (-73.94991821050644, 40.6690435263451)]","(2.212850655568216, 2.860738688137868)","(0.22128506555682162, 0.2860738688137868)"
3,2.212850655568216,0.22128506555682162,Subway -> Home (private) -> Bar,"[(-73.94991821050644, 40.7540041755368), (-73.8908548951149, 40.71152385094095), (-73.94991821050644, 40.71152385094095)]","(2.212850655568216, 4.8720176354395965)","(0.22128506555682162, 0.48720176354395967)"
3,2.212850655568216,0.22128506555682162,Subway -> Home (private) -> Other Great Outdoors,"[(-73.94991821050644, 40.7540041755368), (-73.8908548951149, 40.71152385094095), (-73.94991821050644, 40.71152385094095)]","(2.212850655568216, 3.243447819354709)","(0.22128506555682162, 0.3243447819354709)"
3,2.212850655568216,0.22128506555682162,Subway -> Home (private) -> Bar,"[(-73.94991821050644, 40.7540041755368), (-73.8908548951149, 40.71152385094095), (-73.94991821050644, 40.7540041755368)]","(2.212850655568216, 4.233853594382472)","(0.22128506555682162, 0.4233853594382472)"
2,2.212850655568216,0.22128506555682162,Subway -> Home (private),"[(-73.94991821050644, 40.7540041755368), (-73.8908548951149, 40.71152385094095)]","(2.212850655568216,)","(0.22128506555682162,)"
4,2.200005118075912,0.22000051180759123,Home (private) -> Bar -> Home (private) -> Bar,"[(-73.8908548951149, 40.7540041755368), (-73.94991821050644, 40.71152385094095), (-73.94991821050644, 40.71152385094095), (-73.94991821050644, 40.7540041755368)]","(2.200005118075912, 2.23009299037355, 2.817305163867234)","(0.22000051180759123, 0.22300929903735497, 0.2817305163867234)"
4,2.200005118075912,0.22000051180759123,Home (private) -> Bar -> Bus Station -> Bar,"[(-73.8908548951149, 40.7540041755368), (-73.94991821050644, 40.71152385094095), (-73.8908548951149, 40.7540041755368), (-73.94991821050644, 40.7540041755368)]","(2.200005118075912, 2.233736680645249, 2.8102725653437926)","(0.22000051180759123, 0.2233736680645249, 0.28102725653437927)"
3,2.200005118075912,0.22000051180759123,Home (private) -> Bar -> Neighborhood,"[(-73.8908548951149, 40.7540041755368), (-73.94991821050644, 40.71152385094095), (-73.94991821050644, 40.6690435263451)]","(2.200005118075912, 2.8393456104930106)","(0.22000051180759123, 0.28393456104930104)"
3,2.200005118075912,0.22000051180759123,Home (private) -> Bar -> Home (private),"[(-73.8908548951149, 40.7540041755368), (-73.94991821050644, 40.71152385094095), (-73.94991821050644, 40.71152385094095)]","(2.200005118075912, 2.23009299037355)","(0.22000051180759123, 0.22300929903735497)"
3,2.200005118075912,0.22000051180759123,Home (private) -> Bar -> Other Great Outdoors,"[(-73.8908548951149, 40.7540041755368), (-73.94991821050644, 40.71152385094095), (-73.94991821050644, 40.71152385094095)]","(2.200005118075912, 3.022911965476692)","(0.22000051180759123, 0.3022911965476692)"
3,2.200005118075912,0.22000051180759123,Home (private) -> Bar -> Bus Station,"[(-73.8908548951149, 40.7540041755368), (-73.94991821050644, 40.71152385094095), (-73.8908548951149, 40.7540041755368)]","(2.200005118075912, 2.233736680645249)","(0.22000051180759123, 0.2233736680645249)"
2,2.200005118075912,0.22000051180759123,Home (private) -> Bar,"[(-73.8908548951149, 40.7540041755368), (-73.94991821050644, 40.71152385094095)]","(2.200005118075912,)","(0.22000051180759123,)"
2,2.189434234429908,0.21894342344299078,Train Station -> Bar,"[(-73.94991821050644, 40.7540041755368), (-73.8908548951149, 40.7540041755368)]","(2.189434234429908,)","(0.21894342344299078,)"
3,2.1782036383850483,0.21782036383850484,Subway -> Bar -> Neighborhood,"[(-73.8908548951149, 40.71152385094095), (-73.94991821050644, 40.7540041755368), (-73.94991821050644, 40.6690435263451)]","(2.1782036383850483, 2.2606055195954102)","(0.21782036383850484, 0.22606055195954103)"
3,2.1782036383850483,0.21782036383850484,Subway -> Bar -> Other Great Outdoors,"[(-73.8908548951149, 40.71152385094095), (-73.94991821050644, 40.7540041755368), (-73.94991821050644, 40.71152385094095)]","(2.1782036383850483, 2.4067375576683765)","(0.21782036383850484, 0.24067375576683764)"
2,2.1782036383850483,0.21782036383850484,Subway -> Bar,"[(-73.8908548951149, 40.71152385094095), (-73.94991821050644, 40.7540041755368)]","(2.1782036383850483,)","(0.21782036383850484,)"
3,2.1748783655164323,0.21748783655164322,Bus Station -> Bar -> Neighborhood,"[(-74.00898152589798, 40.7540041755368), (-73.94991821050644, 40.7540041755368), (-73.94991821050644, 40.6690435263451)]","(2.1748783655164323, 2.2606055195954102)","(0.21748783655164322, 0.22606055195954103)"
3,2.1748783655164323,0.21748783655164322,Bus Station -> Bar -> Other Great Outdoors,"[(-74.00898152589798, 40.7540041755368), (-73.94991821050644, 40.7540041755368), (-73.94991821050644, 40.71152385094095)]","(2.1748783655164323, 2.4067375576683765)","(0.21748783655164322, 0.24067375576683764)"
2,2.1748783655164323,0.21748783655164322,Bus Station -> Bar,"[(-74.00898152589798, 40.7540041755368), (-73.94991821050644, 40.7540041755368)]","(2.1748783655164323,)","(0.21748783655164322,)"
4,2.1657468577576378,0.21657468577576378,American Restaurant -> Bar -> Home (private) -> Bar,"[(-74.06804484128952, 40.71152385094095), (-73.94991821050644, 40.71152385094095), (-73.94991821050644, 40.71152385094095), (-73.94991821050644, 40.7540041755368)]","(2.1657468577576378, 2.23009299037355, 2.817305163867234)","(0.21657468577576378, 0.22300929903735497, 0.2817305163867234)"
4,2.1657468577576378,0.21657468577576378,American Restaurant -> Bar -> Bus Station -> Bar,"[(-74.06804484128952, 40.71152385094095), (-73.94991821050644, 40.71152385094095), (-73.8908548951149, 40.7540041755368), (-73.94991821050644, 40.7540041755368)]","(2.1657468577576378, 2.233736680645249, 2.8102725653437926)","(0.21657468577576378, 0.2233736680645249, 0.28102725653437927)"
3,2.1657468577576378,0.21657468577576378,American Restaurant -> Bar -> Neighborhood,"[(-74.06804484128952, 40.71152385094095), (-73.94991821050644, 40.71152385094095), (-73.94991821050644, 40.6690435263451)]","(2.1657468577576378, 2.8393456104930106)","(0.21657468577576378, 0.28393456104930104)"
3,2.1657468577576378,0.21657468577576378,American Restaurant -> Bar -> Home (private),"[(-74.06804484128952, 40.71152385094095), (-73.94991821050644, 40.71152385094095), (-73.94991821050644, 40.71152385094095)]","(2.1657468577576378, 2.23009299037355)","(0.21657468577576378, 0.22300929903735497)"
3,2.1657468577576378,0.21657468577576378,American Restaurant -> Bar -> Other Great Outdoors,"[(-74.06804484128952, 40.71152385094095), (-73.94991821050644, 40.71152385094095), (-73.94991821050644, 40.71152385094095)]","(2.1657468577576378, 3.022911965476692)","(0.21657468577576378, 0.3022911965476692)"
3,2.1657468577576378,0.21657468577576378,American Restaurant -> Bar -> Bus Station,"[(-74.06804484128952, 40.71152385094095), (-73.94991821050644, 40.71152385094095), (-73.8908548951149, 40.7540041755368)]","(2.1657468577576378, 2.233736680645249)","(0.21657468577576378, 0.2233736680645249)"
2,2.1657468577576378,0.21657468577576378,American Restaurant -> Bar,"[(-74.06804484128952, 40.71152385094095), (-73.94991821050644, 40.71152385094095)]","(2.1657468577576378,)","(0.21657468577576378,)"
3,2.160919255759125,0.21609192557591247,Subway -> Bus Station -> Bar,"[(-73.8908548951149, 40.6690435263451), (-73.8908548951149, 40.7540041755368), (-73.94991821050644, 40.71152385094095)]","(2.160919255759125, 3.4892062037766216)","(0.21609192557591247, 0.34892062037766214)"
3,2.160919255759125,0.21609192557591247,Subway -> Bus Station -> Bar,"[(-73.8908548951149, 40.6690435263451), (-73.8908548951149, 40.7540041755368), (-73.94991821050644, 40.7540041755368)]","(2.160919255759125, 2.8102725653437926)","(0.21609192557591247, 0.28102725653437927)"
2,2.160919255759125,0.21609192557591247,Subway -> Bus Station,"[(-73.8908548951149, 40.6690435263451), (-73.8908548951149, 40.7540041755368)]","(2.160919255759125,)","(0.21609192557591247,)"
3,2.157393792278165,0.21573937922781652,Subway -> Home (private) -> Bar,"[(-73.8908548951149, 40.6690435263451), (-73.94991821050644, 40.71152385094095), (-73.94991821050644, 40.71152385094095)]","(2.157393792278165, 3.496464324705142)","(0.21573937922781652, 0.3496464324705142)"
3,2.157393792278165,0.21573937922781652,Subway -> Home (private) -> Bar,"[(-73.8908548951149, 40.6690435263451), (-73.94991821050644, 40.71152385094095), (-73.94991821050644, 40.7540041755368)]","(2.157393792278165, 2.817305163867234)","(0.21573937922781652, 0.2817305163867234)"
2,2.157393792278165,0.21573937922781652,Subway -> Home (private),"[(-73.8908548951149, 40.6690435263451), (-73.94991821050644, 40.71152385094095)]","(2.157393792278165,)","(0.21573937922781652,)"
2,2.1482404516522777,0.21482404516522777,Subway -> Bar,"[(-73.94991821050644, 40.7540041755368), (-73.8908548951149, 40.7540041755368)]","(2.1482404516522777,)","(0.21482404516522777,)"
2,2.111010807118279,0.21110108071182793,Home (private) -> Other Great Outdoors,"[(-73.94991821050644, 40.6690435263451), (-73.94991821050644, 40.71152385094095)]","(2.111010807118279,)","(0.21110108071182793,)"
4,2.1005721451670207,0.21005721451670206,Residential Building (Apartment / Condo) -> Bar -> Home (private) -> Bar,"[(-74.00898152589798, 40.7540041755368), (-73.94991821050644, 40.71152385094095), (-73.94991821050644, 40.71152385094095), (-73.94991821050644, 40.7540041755368)]","(2.1005721451670207, 2.23009299037355, 2.817305163867234)","(0.21005721451670206, 0.22300929903735497, 0.2817305163867234)"
4,2.1005721451670207,0.21005721451670206,Residential Building (Apartment / Condo) -> Bar -> Bus Station -> Bar,"[(-74.00898152589798, 40.7540041755368), (-73.94991821050644, 40.71152385094095), (-73.8908548951149, 40.7540041755368), (-73.94991821050644, 40.7540041755368)]","(2.1005721451670207, 2.233736680645249, 2.8102725653437926)","(0.21005721451670206, 0.2233736680645249, 0.28102725653437927)"
3,2.1005721451670207,0.21005721451670206,Residential Building (Apartment / Condo) -> Bar -> Neighborhood,"[(-74.00898152589798, 40.7540041755368), (-73.94991821050644, 40.71152385094095), (-73.94991821050644, 40.6690435263451)]","(2.1005721451670207, 2.8393456104930106)","(0.21005721451670206, 0.28393456104930104)"
3,2.1005721451670207,0.21005721451670206,Residential Building (Apartment / Condo) -> Bar -> Home (private),"[(-74.00898152589798, 40.7540041755368), (-73.94991821050644, 40.71152385094095), (-73.94991821050644, 40.71152385094095)]","(2.1005721451670207, 2.23009299037355)","(0.21005721451670206, 0.22300929903735497)"
3,2.1005721451670207,0.21005721451670206,Residential Building (Apartment / Condo) -> Bar -> Other Great Outdoors,"[(-74.00898152589798, 40.7540041755368), (-73.94991821050644, 40.71152385094095), (-73.94991821050644, 40.71152385094095)]","(2.1005721451670207, 3.022911965476692)","(0.21005721451670206, 0.3022911965476692)"
3,2.1005721451670207,0.21005721451670206,Residential Building (Apartment / Condo) -> Bar -> Bus Station,"[(-74.00898152589798, 40.7540041755368), (-73.94991821050644, 40.71152385094095), (-73.8908548951149, 40.7540041755368)]","(2.1005721451670207, 2.233736680645249)","(0.21005721451670206, 0.2233736680645249)"
2,2.1005721451670207,0.21005721451670206,Residential Building (Apartment / Condo) -> Bar,"[(-74.00898152589798, 40.7540041755368), (-73.94991821050644, 40.71152385094095)]","(2.1005721451670207,)","(0.21005721451670206,)"
2,2.0996265307567934,0.20996265307567935,Subway -> Bar,"[(-73.94991821050644, 40.79648450013265), (-73.8908548951149, 40.7540041755368)]","(2.0996265307567934,)","(0.20996265307567935,)"
3,2.0977423064965297,0.20977423064965298,Other Great Outdoors -> Bar -> Neighborhood,"[(-74.00898152589798, 40.7540041755368), (-73.94991821050644, 40.7540041755368), (-73.94991821050644, 40.6690435263451)]","(2.0977423064965297, 2.2606055195954102)","(0.20977423064965298, 0.22606055195954103)"
3,2.0977423064965297,0.20977423064965298,Other Great Outdoors -> Bar -> Other Great Outdoors,"[(-74.00898152589798, 40.7540041755368), (-73.94991821050644, 40.7540041755368), (-73.94991821050644, 40.71152385094095)]","(2.0977423064965297, 2.4067375576683765)","(0.20977423064965298, 0.24067375576683764)"
2,2.0977423064965297,0.20977423064965298,Other Great Outdoors -> Bar,"[(-74.00898152589798, 40.7540041755368), (-73.94991821050644, 40.7540041755368)]","(2.0977423064965297,)","(0.20977423064965298,)"
2,2.082654799311163,0.20826547993111627,Residential Building (Apartment / Condo) -> Bar,"[(-73.8908548951149, 40.6690435263451), (-73.8908548951149, 40.7540041755368)]","(2.082654799311163,)","(0.20826547993111627,)"
4,2.054407649253681,0.20544076492536809,Subway -> Bar -> Home (private) -> Bar,"[(-73.94991821050644, 40.71152385094095), (-73.94991821050644, 40.71152385094095), (-73.94991821050644, 40.71152385094095), (-73.94991821050644, 40.7540041755368)]","(2.054407649253681, 2.23009299037355, 2.817305163867234)","(0.20544076492536809, 0.22300929903735497, 0.2817305163867234)"
4,2.054407649253681,0.20544076492536809,Subway -> Bar -> Bus Station -> Bar,"[(-73.94991821050644, 40.71152385094095), (-73.94991821050644, 40.71152385094095), (-73.8908548951149, 40.7540041755368), (-73.94991821050644, 40.7540041755368)]","(2.054407649253681, 2.233736680645249, 2.8102725653437926)","(0.20544076492536809, 0.2233736680645249, 0.28102725653437927)"
3,2.054407649253681,0.20544076492536809,Subway -> Bar -> Neighborhood,"[(-73.94991821050644, 40.71152385094095), (-73.94991821050644, 40.71152385094095), (-73.94991821050644, 40.6690435263451)]","(2.054407649253681, 2.8393456104930106)","(0.20544076492536809, 0.28393456104930104)"
3,2.054407649253681,0.20544076492536809,Subway -> Bar -> Home (private),"[(-73.94991821050644, 40.71152385094095), (-73.94991821050644, 40.71152385094095), (-73.94991821050644, 40.71152385094095)]","(2.054407649253681, 2.23009299037355)","(0.20544076492536809, 0.22300929903735497)"
3,2.054407649253681,0.20544076492536809,Subway -> Bar -> Other Great Outdoors,"[(-73.94991821050644, 40.71152385094095), (-73.94991821050644, 40.71152385094095), (-73.94991821050644, 40.71152385094095)]","(2.054407649253681, 3.022911965476692)","(0.20544076492536809, 0.3022911965476692)"
3,2.054407649253681,0.20544076492536809,Subway -> Bar -> Bus Station,"[(-73.94991821050644, 40.71152385094095), (-73.94991821050644, 40.71152385094095), (-73.8908548951149, 40.7540041755368)]","(2.054407649253681, 2.233736680645249)","(0.20544076492536809, 0.2233736680645249)"
2,2.054407649253681,0.20544076492536809,Subway -> Bar,"[(-73.94991821050644, 40.71152385094095), (-73.94991821050644, 40.71152385094095)]","(2.054407649253681,)","(0.20544076492536809,)"
3,2.027280032568564,0.20272800325685641,Home (private) -> Bar -> Neighborhood,"[(-73.8908548951149, 40.7540041755368), (-73.94991821050644, 40.7540041755368), (-73.94991821050644, 40.6690435263451)]","(2.027280032568564, 2.2606055195954102)","(0.20272800325685641, 0.22606055195954103)"
3,2.027280032568564,0.20272800325685641,Home (private) -> Bar -> Other Great Outdoors,"[(-73.8908548951149, 40.7540041755368), (-73.94991821050644, 40.7540041755368), (-73.94991821050644, 40.71152385094095)]","(2.027280032568564, 2.4067375576683765)","(0.20272800325685641, 0.24067375576683764)"
2,2.027280032568564,0.20272800325685641,Home (private) -> Bar,"[(-73.8908548951149, 40.7540041755368), (-73.94991821050644, 40.7540041755368)]","(2.027280032568564,)","(0.20272800325685641,)"
3,2.0166290976062484,0.20166290976062484,Home (private) -> Bus Station -> Bar,"[(-73.94991821050644, 40.79648450013265), (-73.8908548951149, 40.7540041755368), (-73.94991821050644, 40.71152385094095)]","(2.0166290976062484, 3.4892062037766216)","(0.20166290976062484, 0.34892062037766214)"
3,2.0166290976062484,0.20166290976062484,Home (private) -> Bus Station -> Bar,"[(-73.94991821050644, 40.79648450013265), (-73.8908548951149, 40.7540041755368), (-73.94991821050644, 40.7540041755368)]","(2.0166290976062484, 2.8102725653437926)","(0.20166290976062484, 0.28102725653437927)"
2,2.0166290976062484,0.20166290976062484,Home (private) -> Bus Station,"[(-73.94991821050644, 40.79648450013265), (-73.8908548951149, 40.7540041755368)]","(2.0166290976062484,)","(0.20166290976062484,)"
3,2.0032367997837426,0.20032367997837425,Neighborhood -> Bus Station -> Bar,"[(-73.94991821050644, 40.7540041755368), (-73.8908548951149, 40.7540041755368), (-73.94991821050644, 40.71152385094095)]","(2.0032367997837426, 3.4892062037766216)","(0.20032367997837425, 0.34892062037766214)"
3,2.0032367997837426,0.20032367997837425,Neighborhood -> Bus Station -> Bar,"[(-73.94991821050644, 40.7540041755368), (-73.8908548951149, 40.7540041755368), (-73.94991821050644, 40.7540041755368)]","(2.0032367997837426, 2.8102725653437926)","(0.20032367997837425, 0.28102725653437927)"
2,2.0032367997837426,0.20032367997837425,Neighborhood -> Bus Station,"[(-73.94991821050644, 40.7540041755368), (-73.8908548951149, 40.7540041755368)]","(2.0032367997837426,)","(0.20032367997837425,)"
